PRD00055	أدوات هندسية مرنة 3 قطع — KIT GÉOMÉTRIQUE FLEXIBLE 3 PCS
PRD00013	أقلام ACCORD ملونة — STYLOS ACCORD COULEURS
PRD00125	أقلام ملونة 1/6 — STYLOS COLORÉS 1/6
PRD00074	أقلام ملونة صغيرة X12 — PETITS CRAYONS DE COULEUR X12
PRD00139	أقلام ملونة كبيرة MAPED X12 — GRANDS CRAYONS DE COULEUR MAPED X12
PRD00141	ألوان شمع ACCORD — CRAYONS DE CIRE ACCORD
PRD00049	ألوان شمع EXPRESS — CRAYONS DE CIRE EXPRESS
PRD00115	ألوان مائية CASBER — AQUARELLE CASBER
PRD00119	أوراق مزدوجة A4 — FEUILLES DOUBLES A4
PRD00017	أوراق مزدوجة A5 — FEUILLES DOUBLES A5
PRD00078	أوراق ملاحظات لاصقة — NOTES ADHÉSIVES
PRD00048	بركار EXPRESS — COMPAS EXPRESS
PRD00060	بركار MAPED — COMPAS MAPED
PRD00136	بركار MSCHOOL — COMPAS MSCHOOL
PRD00100	بركار عادي — COMPAS STANDARD
PRD00096	بكية طباشير — BOÎTE DE CRAIES
PRD00156	بورتفوليو 140 — PORTFOLIO 140
PRD00158	بورتفوليو 20 — PORTFOLIO 20
PRD00157	بورتفوليو 40 — PORTFOLIO 40
PRD00155	بورتفوليو 80 — PORTFOLIO 80
PRD00062	توصيل الكراء — REÇU DE LOYER
PRD00071	دفتر A4 140 صفحة — CAHIER A4 140P
PRD00035	دفتر A4 192 صفحة — CAHIER A4 192P
PRD00034	دفتر A4 288 صفحة — CAHIER A4 288P
PRD00036	دفتر A4 384 صفحة — CAHIER A4 384P
PRD00039	دفتر A5 192 صفحة — CAHIER A5 192P
PRD00040	دفتر A5 288 صفحة — CAHIER A5 288P
PRD00041	دفتر A5 384 صفحة — CAHIER A5 384P
PRD00038	دفتر A5 48 صفحة — CAHIER A5 48P
PRD00037	دفتر A5 96 صفحة — CAHIER A5 96P
PRD00043	دفتر أعمال تطبيقية 3F 192 صفحة — CAHIER TP 3F 192P
PRD00033	دفتر أعمال تطبيقية A4 192 صفحة — CAHIER TP A4 192P
PRD00053	دفتر أعمال تطبيقية A4 288 صفحة — CAHIER TP A4 288P
PRD00123	دفتر أعمال تطبيقية A5 96 صفحة — CAHIER TP A5 96P
PRD00052	دفتر مربعات صغيرة 140 صفحة سلك — CAHIER PETITS CARREAUX 140P SPIRALE
PRD00051	دفتر مربعات صغيرة 140 صفحة — CAHIER PETITS CARREAUX 140P
PRD00122	رزمة ورق A4 — RAMETTE A4
PRD00072	زقلي — BRILLANT
PRD00032	سجل 2M — REGISTRE 2M
PRD00031	سجل 3M — REGISTRE 3M
PRD00117	سجل 4M — REGISTRE 4M
PRD00118	سجل 5M — REGISTRE 5M
PRD00066	سيغما وثائق علوم الحياة والأرض 1AC — SIGMA DOCUMENTS SVT 1AC
PRD00069	سيغما وثائق علوم الحياة والأرض 2AC — SIGMA DOCUMENTS SVT 2AC
PRD00067	سيغما وثائق علوم الحياة والأرض 3AC — SIGMA DOCUMENTS SVT 3AC
PRD00095	شارة — BADGE
PRD00050	شريط لاصق 2 درهم — SCOTCH 2 DH
PRD00093	شريط لاصق مزدوج الوجه — SCOTCH DOUBLE FACE
PRD00094	شريط لاصق ملون لامع — SCOTCH COLORÉ BRILLANT
PRD00073	صباغة GOUACHE EXPRESS 5 أنابيب — GOUACHE EXPRESS 5 TUBES
PRD00027	صباغة مائية EXPRESS — PEINTURE AQUARELLE EXPRESS
PRD00161	صباغة مائية صغيرة EXPRESS — PEINTURE À L’EAU MINI EXPRESS
PRD00076	صباغة مائية صغيرة — PEINTURE AQUARELLE MINI
PRD00075	صباغة مائية كبيرة — PEINTURE AQUARELLE GRAND FORMAT
PRD00107	ظرف A4 — ENVELOPPE A4
PRD00106	ظرف A5 — ENVELOPPE A5
PRD00105	ظرف صغير — ENVELOPPE PETIT FORMAT
PRD00108	ظرف كبير — ENVELOPPE GRAND FORMAT
PRD00042	عجين صغير — PÂTE À MODELER MINI
PRD00129	عجين قلب — PÂTE À MODELER CŒUR
PRD00070	عز الدين العلمي علوم الحياة والأرض 1AC — AZZEDINE ALAMI SVT 1AC
PRD00068	عز الدين العلمي علوم الحياة والأرض 2AC — AZZEDINE ALAMI SVT 2AC
PRD00092	غراء KING — COLLE KING
PRD00065	غراء UHU STIC صغير — UHU STIC PETIT
PRD00064	غراء UHU STIC كبير — UHU STIC GRAND
PRD00063	غراء UHU أنبوب N°13 — COLLE UHU TUBE N°13
PRD00020	غلاف دفتر A4 — COUVRE-CAHIER A4
PRD00019	غلاف دفتر A5 — COUVRE-CAHIER A5
PRD00151	غلاف شفاف للمقررات — COUVERTURE TRANSPARENTE
PRD00164	غلاف كتاب لاصق — PROTÈGE-LIVRE AUTOADHÉSIF
PRD00025	فاتورة — FACTURE
PRD00021	قرآن التجويد — CORAN TAJWID
PRD00112	قصص الأنبياء — HISTOIRES DES PROPHÈTES
PRD00114	قصص بالعربية — HISTOIRES EN ARABE
PRD00113	قصص بالفرنسية — HISTOIRES EN FRANÇAIS
PRD00137	قلم ACCORD — STYLO ACCORD
PRD00005	قلم BIC CRISTAL UP أحمر — STYLO BIC CRISTAL UP ROUGE
PRD00006	قلم BIC CRISTAL UP أخضر — STYLO BIC CRISTAL UP VERT
PRD00004	قلم BIC أحمر — STYLO BIC ROUGE
PRD00003	قلم BIC أخضر — STYLO BIC VERT
PRD00007	قلم BIC أزرق جعبة صفراء — STYLO BIC BLEU ÉTUI JAUNE
PRD00001	قلم BIC أزرق — STYLO BIC BLEU
PRD00008	قلم BIC أسود جعبة صفراء — STYLO BIC NOIR ÉTUI JAUNE
PRD00002	قلم BIC أسود — STYLO BIC NOIR
PRD00138	قلم CELLO برتقالي — STYLO CELLO ORANGE
PRD00120	قلم GOOMA — STYLO GOOMA
PRD00012	قلم HAUSER أحمر — STYLO HAUSER ROUGE
PRD00011	قلم HAUSER أخضر — STYLO HAUSER VERT
PRD00010	قلم HAUSER أسود — STYLO HAUSER NOIR
PRD00121	قلم SMART COLOR — STYLO SMART COLOR
PRD00146	قلم STITCH & MOTOR — STYLO STITCH & MOTOR
PRD00009	قلم TIRA أزرق — STYLO TIRA BLEU
PRD00145	قلم تظليل CIVORS — MARQUEUR FLUORESCENT CIVORS
PRD00014	قلم تظليل EXPRESS — MARQUEUR FLUORESCENT EXPRESS
PRD00148	قلم جاف 1/4 — STYLO À BILLE 1/4
PRD00126	قلم رصاص BIC — CRAYON À PAPIER BIC
PRD00133	قلم رصاص بممحاة — CRAYON À PAPIER AVEC GOMME
PRD00140	قلم رصاص عادي — CRAYON À PAPIER STANDARD
PRD00015	قلم فلوماستر BIC أزرق — FEUTRE BIC BLEU
PRD00016	قلم فلوماستر BIC أسود — FEUTRE BIC NOIR
PRD00046	قلم فلوماستر أبيض — FEUTRE BLANC
PRD00144	قلم لامع 1/10 — STYLO BRILLANT 1/10
PRD00143	قلم لامع 1/6 — STYLO BRILLANT 1/6
PRD00097	لصقة — STICKER
PRD00018	لوحة سوداء للطباشير — ARDOISE NOIRE À CRAIE
PRD00044	لوحة فلتر — ARDOISE À FEUTRE
PRD00089	لوحة مزج الألوان — PALETTE DE PEINTURE
PRD00134	ماركر DELI — MARQUEUR DELI
PRD00047	ماركر EXPRESS — MARQUEUR EXPRESS
PRD00085	مثلث 1 درهم — ÉQUERRE 1 DH
PRD00102	مثلث 2 دراهم — ÉQUERRE 2 DH
PRD00128	مثلث DELI — ÉQUERRE DELI
PRD00091	مثلث MAPED — ÉQUERRE MAPED
PRD00101	مثلث مرن — ÉQUERRE FLEXIBLE
PRD00116	مجلة حائطية — JOURNAL MURAL
PRD00159	محفظة + مقلمة AODASI — CARTABLE + TROUSSE AODASI
PRD00163	محفظة LABUBO — CARTABLE LABUBO
PRD00160	محفظة بعجلات 3 قطع — CARTABLE À ROULETTES 3 PCS
PRD00142	مذكرة A5 — AGENDA A5
PRD00028	مذكرة N°4 سلك — CARNET N°4 SPIRALE
PRD00162	مذكرة سلك STITCH — AGENDA SPIRALE STITCH
PRD00029	مذكرة عادية N°4 — CARNET N°4 STANDARD
PRD00030	مذكرة عادية N°6 — CARNET N°6 STANDARD
PRD00165	مسطرة 1 درهم — RÈGLE 1 DH
PRD00099	مسطرة 2 دراهم — RÈGLE 2 DH
PRD00127	مسطرة DELI 20 سم — RÈGLE DELI 20 CM
PRD00109	مسطرة EXPRESS 30 سم — RÈGLE EXPRESS 30 CM
PRD00110	مسطرة MAPED 30 سم — RÈGLE MAPED 30 CM
PRD00084	مسطرة عادية 1 درهم — RÈGLE STANDARD 1 DH
PRD00054	مسطرة مرنة 20 سم — RÈGLE FLEXIBLE 20 CM
PRD00124	مصحح EXPRESS — BLANCO EXPRESS
PRD00057	مصحح — BLANCO
PRD00022	مصحف عادي — CORAN STANDARD
PRD00023	مصحف كبير — GRAND CORAN
PRD00024	مصحف متوسط — CORAN MOYEN FORMAT
SRV00001	مطبوع — IMPRIMÉ
PRD00026	مقص EXPRESS 130 مم — CISEAUX EXPRESS 130 MM
PRD00088	مقص EXPRESS 135 مم — CISEAUX EXPRESS 135 MM
PRD00058	مقص MAPED — CISEAUX MAPED
PRD00147	مقلمة أقلام ملونة — TROUSSE STYLOS COULEUR
PRD00098	ملصقات STICK UP DELI — STICK UP DELI
PRD00077	ملصقات ثلاثية الأبعاد — STICKERS 3D
PRD00154	ملف بلاستيكي — CHEMISE PLASTIQUE
PRD00079	ملفات ملونة بلاستيكية — POCHETTES PLASTIQUES COLORÉES
PRD00045	ملونات صغيرة MAPED X12 — PETITS CRAYONS DE COULEUR MAPED X12
PRD00080	ملونات طويلة X12 — CRAYONS DE COULEUR LONGS X12
PRD00131	ملونات قصيرة X12 — CRAYONS DE COULEUR COURTS X12
PRD00111	ممحاة EXPRESS — GOMME EXPRESS
PRD00130	ممحاة EXPRESS — GOMME EXPRESS
PRD00059	ممحاة MAPED — GOMME MAPED
PRD00056	ممسحة MAGIC — BROSSE MAGIC
PRD00081	ممسحة سبورة طباشير — BROSSE À TABLEAU
PRD00149	ممسحة سبورة مغناطيسية — BROSSE MAGNÉTIQUE POUR TABLEAU
PRD00061	منجرة KING — TAILLE-CRAYON KING
PRD00135	منجرة MAPED — TAILLE-CRAYON MAPED
PRD00082	منجرة حديد ثقب واحد — TAILLE-CRAYON MÉTALLIQUE 1 TROU
PRD00083	منجرة حديد ثقبين — TAILLE-CRAYON MÉTALLIQUE 2 TROUS
PRD00086	نصف دائرة 1 درهم — RAPPORTEUR 1 DH
PRD00104	نصف دائرة 2 دراهم — RAPPORTEUR 2 DH
PRD00132	نصف دائرة DELI — RAPPORTEUR DELI
PRD00090	نصف دائرة MAPED — RAPPORTEUR MAPED
PRD00103	نصف دائرة MAPED — RAPPORTEUR MAPED
PRD00087	نصف دائرة مرنة — RAPPORTEUR FLEXIBLE
PRD00152	ورق فوم — PAPIER MOUSSE
PRD00153	ورق كريبون — PAPIER CRÉPON
